Data Analisi;Gran Grup;Llista_Pre;Intervencions_Pre;Derivades_Pre;En llista;Intervencions;IQs derivades i realitzades a UP desti;En baixa temporal;IQs en baixa temporal;Intervencions fora termini;n;Sortides;Dies en llista;Dies en llista (sense BT);ED0-25;ED100+;ED26-50;ED51-75;ED76-100;EE0-25;EE100+;EE26-50;EE51-75;EE76-100
01/03/2015;1;116;58;2;116;58;2;8;8;9;1231;61;40202;37475;9;4;5;3;0;6;1;1;0;1
01/03/2015;2;18;16;0;18;16;0;0;0;3;189;16;7965;7248;0;0;0;2;0;0;0;0;2;1
01/03/2015;3;8;7;0;8;7;0;0;0;0;130;7;18337;17835;0;0;0;0;0;0;0;0;0;0
01/03/2015;4;631;83;12;631;83;12;30;28;48;2781;90;448692;382561;47;0;3;0;0;39;0;8;0;1
01/03/2015;5;3576;544;138;3576;544;138;158;117;68;16567;619;2803260;2547118;268;33;123;93;71;23;8;11;13;13
01/04/2015;1;115;78;4;115;78;4;7;7;18;1322;79;43823;41093;9;6;3;0;1;2;1;12;1;2
01/04/2015;2;23;11;0;23;11;0;1;1;3;208;13;8535;7818;0;0;1;0;0;2;0;0;0;1
01/04/2015;3;7;6;0;7;6;0;0;0;0;136;7;18595;18093;0;0;0;0;0;0;0;0;0;0
01/04/2015;4;693;64;34;693;64;34;29;28;31;2944;76;471423;404519;61;0;9;0;0;25;0;5;1;0
01/04/2015;5;3677;455;211;3677;455;211;133;130;38;17338;537;2924125;2665433;284;40;134;104;60;15;4;4;5;10
01/05/2015;1;133;76;6;133;76;6;5;4;13;1434;78;47619;44915;5;5;10;4;0;6;2;6;1;0
01/05/2015;2;23;12;0;23;12;0;1;1;2;220;12;9275;8558;1;0;0;0;0;1;0;0;1;0
01/05/2015;3;6;5;0;6;5;0;0;0;0;142;6;18854;18352;1;0;0;0;0;0;0;0;0;0
01/05/2015;4;728;71;55;728;71;55;36;36;37;3112;79;495131;427231;64;0;25;2;0;29;0;8;0;0
01/05/2015;5;3508;454;290;3508;454;290;159;154;47;18140;549;3041459;2778587;238;45;151;93;40;14;6;7;10;10
01/06/2015;1;108;90;10;108;90;10;17;17;16;1529;93;52008;49160;2;1;4;3;0;5;3;6;6;0
01/06/2015;2;10;16;0;10;16;0;4;4;2;231;17;9911;9180;0;0;0;0;0;2;0;0;0;0
01/06/2015;3;6;4;0;6;4;0;0;0;0;149;5;18847;18345;0;0;0;0;0;0;0;0;0;0
01/06/2015;4;668;70;76;668;70;76;39;36;37;3265;78;520640;451645;60;0;21;9;0;27;0;8;2;0
01/06/2015;5;3385;416;377;3385;416;377;166;156;25;18936;477;3164623;2897618;247;41;170;83;45;4;8;5;5;3
01/07/2015;1;119;85;10;119;85;10;13;13;17;1632;86;56038;52655;11;1;7;1;1;7;2;7;5;1
01/07/2015;2;22;6;0;22;6;0;3;2;2;248;6;10477;9658;0;0;0;0;0;0;0;2;0;0
01/07/2015;3;1;4;0;1;4;0;0;0;0;180;6;25288;24698;0;0;0;0;0;0;0;0;0;0
01/07/2015;4;492;74;108;492;74;108;92;87;42;4109;81;699996;616475;17;0;2;2;0;15;0;22;5;0
01/07/2015;5;3509;369;444;3509;369;444;221;223;25;23825;434;3985352;3683234;238;32;179;89;45;9;6;3;3;4
01/08/2015;1;111;56;15;111;56;15;19;19;13;1692;59;60518;56688;15;1;10;7;2;1;1;6;5;2
01/08/2015;2;24;3;0;24;3;0;2;2;1;253;3;11215;10334;3;0;2;0;0;0;0;1;0;0
01/08/2015;3;1;0;0;1;0;0;0;0;0;180;0;25319;24729;0;0;0;0;0;0;0;0;0;0
01/08/2015;4;540;16;125;540;16;125;68;67;4;4173;21;720881;636241;42;0;10;0;1;1;0;0;3;0
01/08/2015;5;3650;259;470;3650;259;470;203;204;5;23839;311;4058857;3753445;197;41;194;116;66;3;0;0;2;0
01/09/2015;1;105;66;17;105;66;17;26;26;19;1780;68;65095;60736;10;7;5;4;3;4;3;11;5;4
01/09/2015;2;20;13;0;20;13;0;6;6;10;266;13;11987;11057;2;0;0;1;0;4;0;5;1;0
01/09/2015;3;4;2;0;4;2;0;0;0;0;182;2;25122;24532;0;0;0;0;0;0;0;0;0;0
01/09/2015;4;606;38;147;606;38;147;49;49;11;4234;44;728737;644858;59;0;12;6;1;9;0;1;1;0
01/09/2015;5;3868;315;539;3868;315;539;120;121;19;23994;377;4107043;3804181;215;60;196;142;65;3;2;7;3;4
01/10/2015;1;127;85;25;127;85;25;5;5;44;1876;87;69759;64978;4;3;7;2;4;11;9;15;8;6
01/10/2015;2;23;14;0;23;14;0;8;8;7;286;14;12919;11761;1;0;0;1;0;3;0;3;1;0
01/10/2015;3;6;6;0;6;6;0;1;1;0;184;8;23398;22822;0;0;1;0;0;0;0;0;0;0
01/10/2015;4;628;87;195;628;87;195;29;29;41;4033;94;689247;608212;74;0;19;3;0;37;0;3;0;1
01/10/2015;5;3946;467;619;3946;467;619;95;96;50;23481;531;4012539;3712904;207;62;190;137;65;12;9;13;8;8
01/11/2015;1;100;99;32;100;99;32;22;22;18;1988;107;74372;69123;0;0;0;0;0;11;2;7;4;2
01/11/2015;2;16;21;0;16;21;0;10;10;4;302;21;13822;12407;0;0;0;0;0;3;0;0;1;0
01/11/2015;3;2;7;0;2;7;0;0;0;0;176;9;20023;19497;0;0;0;0;0;0;0;0;0;0
01/11/2015;4;558;79;299;558;79;299;40;40;41;4039;85;678255;598520;41;0;16;6;0;35;0;5;1;0
01/11/2015;5;3933;541;714;3933;541;714;131;133;43;23340;607;3965400;3670910;239;68;150;143;82;14;9;9;6;5
01/12/2015;1;73;83;36;73;83;36;29;29;14;2061;87;78971;72976;0;0;0;0;0;9;1;6;0;0
01/12/2015;2;26;9;0;26;9;0;10;10;1;321;9;14749;13036;0;0;0;0;0;1;0;0;0;0
01/12/2015;3;0;2;0;0;2;0;0;0;0;174;2;19366;18840;0;0;0;0;0;0;0;0;0;0
01/12/2015;4;511;75;346;511;75;346;91;91;36;4068;81;695282;613908;0;0;1;0;1;25;0;9;2;0
01/12/2015;5;4027;381;752;4027;381;752;154;160;24;23331;429;4001192;3704421;219;67;151;146;110;6;6;6;5;1
01/01/2016;1;100;60;36;100;60;36;7;7;12;2119;65;83171;76555;8;0;11;2;0;12;1;4;0;0
01/01/2016;2;33;6;0;33;6;0;5;5;1;328;6;15918;14008;7;0;0;0;0;1;0;0;0;0
01/01/2016;3;4;4;0;4;4;0;0;0;0;175;4;18502;17976;0;0;0;0;0;0;0;0;0;0
01/01/2016;4;589;21;361;589;21;361;35;35;2;4138;21;711768;628907;26;0;7;1;0;1;0;1;0;0
01/01/2016;5;4175;373;822;4175;373;822;80;81;27;23268;423;4026898;3730277;243;93;150;146;114;11;6;4;4;2
01/02/2016;1;134;81;39;134;81;39;8;8;20;2177;82;86756;79925;6;2;2;1;6;7;0;11;2;3
01/02/2016;2;24;21;0;24;21;0;5;5;12;341;21;16996;14951;4;0;2;0;0;7;0;4;1;0
01/02/2016;3;4;8;0;4;8;0;0;0;0;174;8;16768;16341;0;0;0;0;0;0;0;0;0;0
01/02/2016;4;623;63;405;623;63;405;25;25;15;4242;63;730755;647864;42;0;7;3;0;7;0;6;2;0
01/02/2016;5;4266;472;893;4266;472;893;91;94;38;23335;523;4065599;3771162;235;121;172;116;121;18;5;8;5;2
01/03/2016;1;104;83;39;104;83;39;29;29;12;2183;85;89902;82685;6;0;5;3;0;4;3;4;2;1
01/03/2016;2;20;8;1;20;8;1;15;15;6;344;9;17367;15081;1;0;0;0;0;3;0;0;2;1
01/03/2016;3;5;7;0;5;7;0;0;0;0;173;7;15312;14885;0;0;0;0;0;0;0;0;0;0
01/03/2016;4;564;52;445;564;52;445;43;43;20;4232;57;740141;657708;28;0;7;1;0;7;1;9;3;0
01/03/2016;5;4336;458;962;4336;458;962;105;105;46;23314;499;4093492;3799574;276;144;153;114;115;17;9;8;6;6
01/04/2016;1;132;83;40;132;83;40;9;9;21;2218;89;93099;85316;7;0;9;4;2;12;3;5;1;7
01/04/2016;2;24;18;1;24;18;1;8;8;2;348;18;17864;15301;1;0;0;0;0;2;0;0;0;0
01/04/2016;3;7;7;0;7;7;0;0;0;0;171;8;12756;12329;0;0;0;0;0;0;0;0;0;0
01/04/2016;4;564;52;483;564;52;483;35;43;19;4187;57;746187;664493;34;0;12;1;0;13;0;5;1;0
01/04/2016;5;4382;528;1005;4382;528;1005;114;120;57;23194;607;4083540;3815054;279;152;163;106;102;28;7;7;7;8
01/05/2016;1;107;90;41;107;90;41;21;21;19;2239;90;95836;87872;11;1;1;2;2;8;2;8;2;2
01/05/2016;2;18;15;1;18;15;1;8;7;4;340;15;18086;15366;1;0;0;0;0;2;0;2;0;0
01/05/2016;3;3;7;0;3;7;0;0;0;0;164;7;10876;10449;0;0;0;0;0;0;0;0;0;0
01/05/2016;4;584;68;563;584;68;563;25;30;27;4264;74;764931;685085;40;0;12;1;0;21;0;6;0;0
01/05/2016;5;4384;523;1070;4384;523;1070;119;125;49;23158;598;4128669;3860929;323;176;145;127;84;23;5;13;7;1
01/06/2016;1;85;104;41;85;104;41;29;29;25;2264;111;99006;90056;0;0;0;0;0;8;5;11;1;2
01/06/2016;2;13;12;1;13;12;1;6;6;4;332;12;18178;15282;0;0;0;0;0;4;0;0;0;0
01/06/2016;3;3;8;0;3;8;0;0;0;0;159;9;7606;7221;0;0;0;0;0;0;0;0;0;0
01/06/2016;4;476;65;618;476;65;618;58;65;22;4231;78;756673;677218;0;0;0;0;0;15;0;5;2;0
01/06/2016;5;4088;559;1144;4088;559;1144;139;145;41;23129;679;4114428;3847969;256;201;165;108;82;25;3;9;2;2
01/07/2016;1;88;74;42;88;74;42;29;29;15;2259;85;100397;90971;0;0;1;0;0;8;2;2;2;1
01/07/2016;2;12;10;1;12;10;1;6;6;1;330;13;18128;15077;1;0;0;0;0;1;0;0;0;0
01/07/2016;3;6;4;0;6;4;0;0;0;0;149;4;5236;4862;0;0;0;0;0;0;0;0;0;0
01/07/2016;4;542;28;670;542;28;670;50;54;1;4061;32;751772;671864;21;0;2;1;0;0;0;1;0;0
01/07/2016;5;4343;363;1170;4343;363;1170;146;151;18;23048;421;4184639;3917841;265;219;181;115;89;6;4;6;1;1
01/08/2016;1;74;82;42;74;82;42;23;23;10;2267;88;103153;93135;6;3;2;5;1;8;1;2;2;0
01/08/2016;2;13;7;1;13;7;1;5;5;1;335;10;18422;15236;0;0;0;0;0;1;0;0;0;0
01/08/2016;3;6;0;0;6;0;0;0;0;0;144;0;4857;4483;0;0;0;0;0;0;0;0;0;0
01/08/2016;4;529;33;683;529;33;683;49;52;8;3875;39;759748;679957;44;0;5;2;0;7;0;1;0;0
01/08/2016;5;4331;381;1192;4331;381;1192;144;147;21;23024;427;4313824;4045080;215;232;226;101;107;11;6;2;2;0
01/09/2016;1;87;72;42;87;72;42;33;33;20;2285;78;103953;93465;3;0;1;1;2;11;1;3;1;4
01/09/2016;2;11;10;1;11;10;1;5;5;2;337;11;18457;15209;0;0;0;0;0;1;0;1;0;0
01/09/2016;3;18;4;0;18;4;0;0;0;0;161;6;4698;4541;0;1;0;0;0;0;0;0;0;0
01/09/2016;4;586;44;721;586;44;721;25;34;18;3904;47;789669;709809;68;0;19;1;1;11;0;7;0;0
01/09/2016;5;4420;419;1244;4420;419;1244;105;108;28;22992;514;4423642;4154305;246;249;211;125;99;7;3;12;5;1
01/10/2016;1;99;66;15;99;66;15;24;24;19;1250;73;52684;45212;7;1;1;0;1;5;4;3;3;4
01/10/2016;2;14;9;1;14;9;1;5;5;2;186;9;10864;8231;0;0;0;0;0;0;0;2;0;0
01/10/2016;3;26;8;0;26;8;0;0;0;0;109;10;2880;2816;0;1;0;0;0;0;0;0;0;0
01/10/2016;4;567;71;383;567;71;383;54;60;32;2250;81;380019;360155;67;1;28;0;1;19;0;13;0;0
01/10/2016;5;4422;518;618;4422;518;618;93;97;54;13424;589;2543082;2479178;254;259;191;142;95;21;10;14;3;6
01/11/2016;1;99;75;10;99;75;10;30;30;17;1227;83;50358;43037;5;1;5;1;1;10;0;5;3;0
01/11/2016;2;13;8;1;13;8;1;11;11;2;183;9;10496;8026;0;0;0;0;0;2;0;0;0;0
01/11/2016;3;18;10;0;18;10;0;0;0;1;108;16;3316;3276;0;0;0;0;0;1;0;0;0;0
01/11/2016;4;506;88;343;506;88;343;124;129;42;2222;106;365419;344519;37;0;10;1;0;26;1;12;3;0
01/11/2016;5;4602;508;610;4602;508;610;104;110;46;13504;591;2555236;2492740;286;268;167;169;77;17;9;7;8;5
01/12/2016;1;75;68;6;75;68;6;47;47;14;1194;71;49654;41848;0;0;0;0;0;4;2;2;3;3
01/12/2016;2;13;7;1;13;7;1;8;8;2;176;9;10665;8042;0;0;0;0;0;2;0;0;0;0
01/12/2016;3;17;5;0;17;5;0;0;0;0;112;8;3796;3756;0;0;0;0;0;0;0;0;0;0
01/12/2016;4;491;29;337;491;29;337;86;92;9;2202;54;365011;343147;0;0;0;0;0;5;0;4;0;0
01/12/2016;5;4538;333;587;4538;333;587;114;118;23;13490;406;2631676;2568882;294;269;188;153;102;9;4;5;4;1
01/01/2017;1;96;76;2;96;76;2;20;20;27;1199;81;48925;41131;7;1;5;5;0;13;4;8;3;5
01/01/2017;2;13;15;1;13;15;1;7;7;5;183;15;10990;8387;0;0;0;0;0;5;0;0;0;0
01/01/2017;3;15;9;0;15;9;0;0;0;2;123;14;4248;4208;1;0;0;0;0;2;0;0;0;0
01/01/2017;4;507;48;306;507;48;306;57;61;8;2220;62;362139;339226;25;0;2;1;0;5;0;3;0;0
01/01/2017;5;4832;440;519;4832;440;519;83;84;25;13710;522;2680027;2619103;318;292;193;146;116;5;4;8;6;2
01/02/2017;1;83;85;41;83;85;41;25;25;18;2282;89;112600;100379;2;0;1;1;1;3;1;6;6;3
01/02/2017;2;22;15;1;22;15;1;7;7;3;346;16;19283;15818;0;0;0;0;0;3;0;0;0;0
01/02/2017;3;17;12;0;17;12;0;0;0;2;204;17;5943;5879;0;0;0;0;0;2;0;0;0;0
01/02/2017;4;506;65;784;506;65;784;37;40;16;3935;82;842497;803822;11;0;7;1;1;12;0;4;0;0
01/02/2017;5;4877;540;1364;4877;540;1364;112;115;35;22440;648;4402440;4290424;355;300;210;118;126;11;6;9;4;5
01/03/2017;1;99;84;40;99;84;40;11;11;9;2305;94;113632;101172;5;0;3;1;0;4;1;3;1;2
01/03/2017;2;24;13;1;24;13;1;8;8;0;351;16;19528;15791;0;0;0;0;0;0;0;0;0;0
01/03/2017;3;21;13;0;21;13;0;0;0;0;214;13;6474;6410;0;0;0;0;0;0;0;0;0;0
01/03/2017;4;506;61;822;506;61;822;38;40;6;3980;66;865676;826361;14;0;3;2;0;3;0;2;1;0
01/03/2017;5;4922;633;1332;4922;633;1332;132;136;49;22702;762;4408679;4297665;337;302;212;131;112;21;13;8;5;2
01/04/2017;1;108;61;35;108;61;35;17;17;11;2302;65;111676;98925;9;2;2;0;3;7;0;3;2;1
01/04/2017;2;27;5;1;27;5;1;15;15;0;355;5;19977;15960;0;0;0;0;0;0;0;0;0;0
01/04/2017;3;14;11;0;14;11;0;0;0;0;211;12;6852;6788;0;0;0;0;0;0;0;0;0;0
01/04/2017;4;490;40;832;490;40;832;52;54;1;3984;50;875732;835372;9;0;10;3;1;0;0;1;0;0
01/04/2017;5;4954;464;1314;4954;464;1314;120;122;32;22745;548;4442407;4331609;396;313;227;134;96;9;11;3;5;4
01/05/2017;1;76;88;41;76;88;41;24;24;26;1660;94;90948;80404;1;0;0;3;0;19;1;4;4;1
01/05/2017;2;24;19;1;24;19;1;16;16;2;271;19;15796;11883;0;0;0;0;0;2;0;0;0;0
01/05/2017;3;8;15;0;8;15;0;0;0;0;179;16;6321;6281;0;0;0;0;0;0;0;0;0;0
01/05/2017;4;510;77;942;510;77;942;66;68;15;3391;86;840128;808115;4;0;0;0;0;7;0;6;2;0
01/05/2017;5;4979;644;1527;4979;644;1527;140;140;77;19123;772;4127459;4044358;395;295;255;149;61;19;23;18;9;8
01/06/2017;1;64;65;30;64;65;30;53;53;12;2270;68;109339;95482;0;0;0;0;0;7;0;4;2;1
01/06/2017;2;16;16;1;16;16;1;24;24;4;358;17;21385;16569;0;0;0;0;0;4;0;0;0;0
01/06/2017;3;13;11;0;13;11;0;0;0;0;228;13;7334;7270;0;0;0;0;0;0;0;0;0;0
01/06/2017;4;411;67;901;411;67;901;87;104;4;4036;72;902297;859244;0;0;0;0;0;3;0;1;0;0
01/06/2017;5;4456;616;1223;4456;616;1223;321;322;73;23134;730;4469904;4355735;388;247;231;152;68;18;25;13;10;7
01/07/2017;1;116;64;41;116;64;41;11;11;9;1825;68;97842;85561;7;0;5;4;2;7;0;1;1;1
01/07/2017;2;19;13;1;19;13;1;17;17;3;299;13;18421;13505;1;0;0;0;0;1;0;2;0;0
01/07/2017;3;12;8;0;12;8;0;0;0;0;204;8;7048;7008;0;0;0;0;0;0;0;0;0;0
01/07/2017;4;439;56;1061;439;56;1061;53;61;1;3670;61;878478;842663;3;0;0;0;0;1;0;0;0;0
01/07/2017;5;4722;401;1597;4722;401;1597;206;207;39;20718;466;4432520;4335415;399;247;298;167;95;7;22;4;5;1
01/08/2017;1;85;69;41;85;69;41;61;61;13;1918;73;102102;88626;3;1;6;0;1;8;1;5;1;1
01/08/2017;2;15;14;1;15;14;1;20;20;4;313;14;19559;14102;1;0;1;1;0;2;0;2;0;0
01/08/2017;3;12;4;0;12;4;0;0;0;0;208;4;7370;7330;0;0;0;0;0;0;0;0;0;0
01/08/2017;4;447;14;1110;447;14;1110;62;70;2;3715;19;896199;858638;0;0;0;0;0;1;0;1;0;0
01/08/2017;5;4796;288;1600;4796;288;1600;180;181;28;21214;360;4588063;4484856;343;240;340;209;115;4;17;1;2;4
01/09/2017;1;91;49;41;91;49;41;58;58;16;1984;61;106533;91230;4;2;2;0;1;8;0;3;8;0
01/09/2017;2;18;10;1;18;10;1;14;14;4;323;13;20530;14626;3;0;0;0;0;2;0;1;0;1
01/09/2017;3;14;6;0;14;6;0;1;1;0;217;6;7776;7657;1;0;0;0;0;0;0;0;0;0
01/09/2017;4;443;37;1150;443;37;1150;46;54;3;3858;47;913399;874577;0;0;0;0;0;3;0;0;0;0
01/09/2017;5;4864;352;1646;4864;352;1646;125;126;39;21899;481;4736240;4628736;321;229;366;223;140;12;20;4;1;2
01/10/2017;1;75;93;41;75;93;41;75;75;25;2092;100;111552;94590;4;2;0;0;2;16;3;6;3;2
01/10/2017;2;17;11;1;17;11;1;21;21;2;342;12;21803;15441;1;0;0;0;0;0;0;0;1;1
01/10/2017;3;14;14;0;14;14;0;1;1;2;231;14;8289;8132;0;0;0;0;0;2;0;0;0;0
01/10/2017;4;506;65;1214;506;65;1214;54;63;5;4021;73;933530;893434;0;0;2;0;0;4;0;1;0;0
01/10/2017;5;4989;420;1691;4989;420;1691;124;127;46;22726;537;4891835;4780193;299;236;353;274;147;11;13;9;7;6
01/11/2017;1;60;95;41;60;95;41;59;59;17;2173;104;115766;96948;2;1;0;0;1;9;2;6;3;1
01/11/2017;2;16;16;1;16;16;1;18;18;5;356;18;22863;15851;1;0;0;0;0;2;0;1;2;0
01/11/2017;3;21;9;0;21;9;0;1;1;0;247;9;8778;8591;1;0;0;0;0;0;0;0;0;0
01/11/2017;4;483;71;1247;483;71;1247;41;65;6;4160;84;950362;908798;0;0;0;0;0;5;0;1;0;0
01/11/2017;5;4889;476;1707;4889;476;1707;136;140;82;23554;625;5042023;4926341;384;209;281;294;156;21;25;9;6;21
01/12/2017;1;40;52;41;40;52;41;58;58;7;2217;60;119312;98962;0;2;1;1;1;6;0;3;2;0
01/12/2017;2;17;11;1;17;11;1;18;18;3;369;11;24002;16396;0;0;0;0;0;2;0;0;1;0
01/12/2017;3;19;8;0;19;8;0;2;2;1;256;9;9433;9186;0;0;0;0;0;1;0;0;0;0
01/12/2017;4;513;42;1252;513;42;1252;38;61;6;4235;46;967164;924583;2;0;0;0;0;6;0;0;0;0
01/12/2017;5;5046;275;1707;5046;275;1707;144;148;40;24152;363;5198357;5077659;382;228;268;306;183;15;12;3;4;6
01/01/2018;1;73;65;41;73;65;41;22;22;10;2215;68;119352;98684;5;2;1;0;0;6;3;6;2;1
01/01/2018;2;16;16;1;16;16;1;12;12;1;373;17;24599;16639;0;0;0;0;0;1;0;0;0;0
01/01/2018;3;11;12;0;11;12;0;2;2;1;259;16;9972;9683;0;0;0;0;0;1;0;0;0;0
01/01/2018;4;433;50;1293;433;50;1293;42;61;7;4284;59;976270;933174;12;0;1;0;0;7;0;0;0;0
01/01/2018;5;5176;443;1764;5176;443;1764;94;97;42;24374;546;5290843;5170960;390;251;243;311;208;15;5;3;5;14
01/02/2018;1;87;54;41;87;54;41;25;26;6;2205;56;119356;97886;2;2;0;1;0;6;0;3;0;0
01/02/2018;2;21;13;1;21;13;1;8;9;1;367;14;23767;15545;0;0;0;0;0;1;0;0;0;0
01/02/2018;3;8;11;0;8;11;0;1;1;1;260;11;10203;9889;0;0;0;0;0;1;0;0;0;0
01/02/2018;4;469;75;1338;469;75;1338;39;56;4;4350;84;982378;938618;5;0;1;0;0;4;0;0;0;0
01/02/2018;5;5290;490;1800;5290;490;1800;131;137;41;24517;613;5347493;5227037;381;293;316;258;230;15;5;5;7;9
01/03/2018;1;101;73;42;101;73;42;13;13;7;2197;82;119542;97166;1;2;0;1;0;7;0;1;0;0
01/03/2018;2;25;14;2;25;14;2;4;4;0;373;16;23947;15630;0;0;0;0;0;0;0;0;0;0
01/03/2018;3;8;12;0;8;12;0;1;1;0;265;12;10294;9967;0;0;0;0;0;0;0;0;0;0
01/03/2018;4;325;63;1394;325;63;1394;52;66;5;4354;72;981926;936887;2;0;1;0;0;5;0;0;0;0
01/03/2018;5;4937;525;1882;4937;525;1882;142;158;37;24749;657;5412956;5291608;448;312;305;215;227;14;2;5;3;13
01/04/2018;1;96;60;42;96;60;42;15;15;8;2174;69;118417;95819;2;1;0;0;0;6;0;3;1;0
01/04/2018;2;27;11;2;27;11;2;6;6;3;370;12;23877;15466;0;0;0;0;0;3;0;0;0;0
01/04/2018;3;10;13;0;10;13;0;1;1;0;272;13;10393;10036;0;0;0;0;0;0;0;0;0;0
01/04/2018;4;319;72;1614;319;72;1614;52;64;6;4360;83;985104;940665;0;0;1;0;0;5;0;1;0;0
01/04/2018;5;4680;508;2400;4680;508;2400;283;296;45;24743;662;5441756;5318632;434;300;278;180;213;19;6;5;8;7
01/05/2018;1;111;73;43;111;73;43;7;7;11;2155;80;117736;94760;0;1;1;1;0;9;0;8;0;0
01/05/2018;2;28;9;2;28;9;2;5;5;1;364;11;23693;15339;0;0;0;0;0;1;0;0;0;0
01/05/2018;3;14;12;0;14;12;0;3;3;0;283;12;10685;10260;0;0;0;0;0;0;0;0;0;0
01/05/2018;4;256;87;1666;256;87;1666;44;57;4;4375;99;985372;939709;0;0;1;0;0;4;0;0;0;0
01/05/2018;5;4613;538;2622;4613;538;2622;212;223;65;24928;676;5478849;5353341;409;337;274;228;164;22;15;6;10;12
01/06/2018;1;98;81;45;98;81;45;12;12;6;2126;89;116776;93001;1;1;1;2;1;8;0;0;0;0
01/06/2018;2;25;13;2;25;13;2;1;1;1;360;15;23740;15272;0;0;0;0;0;1;0;0;0;0
01/06/2018;3;15;11;0;15;11;0;3;3;0;289;14;10944;10429;0;0;0;0;0;0;0;0;0;0
01/06/2018;4;280;90;1721;280;90;1721;40;49;7;4363;93;979902;933516;1;2;2;0;0;7;0;0;0;0
01/06/2018;5;4713;474;2907;4713;474;2907;203;217;50;25020;582;5522349;5396009;358;360;316;222;161;21;7;13;2;7
01/07/2018;1;79;78;46;79;78;46;17;17;6;2110;86;117167;92610;3;1;0;0;2;7;1;0;0;0
01/07/2018;2;19;19;2;19;19;2;3;3;3;366;22;23933;15328;0;0;0;0;0;3;0;0;0;0
01/07/2018;3;13;11;0;13;11;0;4;4;0;298;14;11432;10828;0;0;0;0;0;0;0;0;0;0
01/07/2018;4;300;50;1782;300;50;1782;59;66;4;4452;56;989196;938933;0;0;1;2;0;4;0;0;0;0
01/07/2018;5;4897;354;3080;4897;354;3080;195;210;26;25274;435;5615393;5484548;326;407;329;218;142;12;7;3;2;2
01/08/2018;1;104;61;46;104;61;46;17;17;2;2109;61;118091;92725;2;2;3;3;0;1;1;1;0;1
01/08/2018;2;24;3;2;24;3;2;6;6;0;367;5;23826;15225;0;0;1;0;0;0;0;0;0;0
01/08/2018;3;9;6;0;9;6;0;5;5;0;303;8;11880;11081;0;0;0;0;0;0;0;0;0;0
01/08/2018;4;302;25;1805;302;25;1805;39;46;1;4451;30;995706;945257;2;0;0;1;2;1;0;0;0;0
01/08/2018;5;5026;322;3097;5026;322;3097;156;166;25;25369;400;5714769;5580082;255;416;334;225;200;12;10;1;1;1
01/09/2018;1;124;49;47;124;49;47;18;18;11;2112;60;119073;92914;2;3;1;2;2;7;1;4;0;3
01/09/2018;2;33;11;2;33;11;2;7;8;1;380;12;24745;15529;0;0;0;0;0;0;0;1;0;0
01/09/2018;3;17;5;0;17;5;0;4;4;0;307;6;12080;11154;0;0;0;0;0;0;0;0;0;0
01/09/2018;4;318;20;1863;318;20;1863;43;49;2;4480;34;1000540;949116;0;2;0;0;0;2;0;0;0;0
01/09/2018;5;5140;266;3280;5140;266;3280;113;122;23;25494;398;5775978;5642090;239;435;284;272;181;10;6;2;1;4
01/10/2018;1;117;95;52;117;95;52;8;8;21;2140;114;121685;95557;8;5;10;3;1;14;2;7;1;1
01/10/2018;2;38;14;7;38;14;7;5;6;3;391;15;26377;17097;9;2;3;0;0;1;0;1;1;0
01/10/2018;3;18;12;0;18;12;0;1;1;0;307;13;12275;11246;0;0;0;0;0;0;0;0;0;0
01/10/2018;4;392;40;1907;392;40;1907;36;50;5;4502;44;999585;948727;54;3;0;0;0;5;0;0;0;0
01/10/2018;5;5351;357;3501;5351;357;3501;113;121;25;25759;471;5839166;5705404;279;441;274;285;182;13;7;3;1;1
01/11/2018;1;56;104;52;56;104;52;14;14;26;2130;112;122035;96143;5;5;4;3;3;10;3;8;6;4
01/11/2018;2;37;16;8;37;16;8;6;6;12;401;18;27087;17905;4;0;3;2;1;3;2;5;2;0
01/11/2018;3;15;17;0;15;17;0;0;0;0;305;20;11780;10791;1;0;0;0;0;0;0;0;0;0
01/11/2018;4;594;74;1955;594;74;1955;42;56;15;4672;79;985494;934944;39;3;13;0;0;13;1;1;0;0
01/11/2018;5;5583;434;3778;5583;434;3778;135;141;32;26101;544;5901128;5767366;335;491;196;270;187;18;2;8;3;1
01/12/2018;1;57;47;52;57;47;52;25;25;4;2221;56;124998;98923;3;11;2;2;1;2;1;1;1;0
01/12/2018;2;32;17;8;32;17;8;12;12;9;417;20;28022;18831;1;0;3;1;0;4;0;2;1;2
01/12/2018;3;17;10;0;17;10;0;0;0;0;312;13;11868;10879;0;0;0;0;0;0;0;0;0;0
01/12/2018;4;605;56;1989;605;56;1989;60;72;18;4719;59;991519;941538;18;2;20;0;0;7;0;11;0;0
01/12/2018;5;5565;327;3923;5565;327;3923;142;152;24;26099;414;6006405;5872894;342;506;186;218;234;5;6;5;6;2
01/01/2019;1;42;74;54;42;74;54;12;12;12;2194;80;121664;95883;1;6;2;2;2;5;4;2;1;3
01/01/2019;2;28;22;9;28;22;9;7;7;6;417;23;28419;19152;1;0;3;0;2;2;1;0;3;0
01/01/2019;3;9;14;0;9;14;0;0;0;0;304;16;11514;10525;0;0;0;0;0;0;0;0;0;0
01/01/2019;4;639;40;2026;639;40;2026;28;45;10;4769;51;998687;949318;43;1;22;9;0;4;0;5;1;0
01/01/2019;5;5622;452;4117;5622;452;4117;103;109;36;26294;576;6094131;5960539;326;517;230;202;218;8;9;6;10;3
01/02/2019;1;61;56;54;61;56;54;8;8;5;2180;63;120216;94534;5;7;0;5;1;3;0;2;0;0
01/02/2019;2;36;13;9;36;13;9;3;3;4;422;16;28593;19323;4;1;1;0;0;0;2;0;2;0
01/02/2019;3;11;11;0;11;11;0;1;1;0;302;12;11098;10108;0;0;0;0;0;0;0;0;0;0
01/02/2019;4;647;70;2079;647;70;2079;31;48;15;4788;82;1003955;956263;20;0;28;13;1;4;0;8;3;0
01/02/2019;5;5374;439;4329;5374;439;4329;114;123;55;26216;591;6109912;5975810;341;525;258;146;195;15;20;12;2;6
01/03/2019;1;56;81;54;56;81;54;7;7;7;2167;88;118706;93623;2;4;4;1;4;2;5;1;1;2
01/03/2019;2;38;17;9;38;17;9;2;2;7;425;20;28791;19620;1;0;1;2;0;6;0;1;0;0
01/03/2019;3;8;13;0;8;13;0;1;1;0;305;16;10917;9896;0;0;0;0;0;0;0;0;0;0
01/03/2019;4;539;73;2117;539;73;2117;30;45;14;4811;100;1011950;964364;20;0;17;8;10;5;0;4;3;2
01/03/2019;5;5272;468;4664;5272;468;4664;128;139;52;26127;631;6143423;6008816;379;555;253;128;152;15;14;14;4;5
01/04/2019;1;59;77;54;59;77;54;11;11;6;2189;81;118774;93520;3;4;0;2;1;3;4;1;0;1
01/04/2019;2;42;18;9;42;18;9;2;2;9;440;18;29750;20465;3;0;2;0;0;4;1;2;2;0
01/04/2019;3;8;14;0;8;14;0;1;1;0;308;14;10620;9569;0;0;0;0;0;0;0;0;0;0
01/04/2019;4;401;55;2133;401;55;2133;26;44;11;4850;63;997672;949795;25;4;9;12;3;5;0;2;3;1
01/04/2019;5;5204;394;4907;5204;394;4907;143;173;48;26204;528;6191835;6056064;357;547;216;161;149;23;10;8;5;2
01/05/2019;1;47;82;14;47;82;14;8;8;6;2125;85;90087;65294;7;5;4;0;1;3;1;2;1;1
01/05/2019;2;44;21;8;44;21;8;3;3;12;450;25;29408;20530;3;0;0;1;0;6;0;4;2;0
01/05/2019;3;13;13;0;13;13;0;0;0;0;310;16;10387;9334;0;0;0;0;0;0;0;0;0;0
01/05/2019;4;393;101;1283;393;101;1283;28;42;18;3983;115;477609;432914;30;4;11;6;5;8;2;5;2;1
01/05/2019;5;5145;605;3698;5145;605;3698;160;178;64;24722;741;5208307;5074316;341;545;242;194;109;28;14;12;8;2
01/06/2019;1;49;70;16;49;70;16;9;9;12;2138;75;88831;64460;1;2;0;0;3;4;3;3;3;2
01/06/2019;2;55;13;8;55;13;8;3;3;4;461;16;29925;21244;7;1;5;0;0;2;0;2;0;0
01/06/2019;3;7;13;0;7;13;0;0;0;0;305;14;10240;9187;0;0;0;0;0;0;0;0;0;0
01/06/2019;4;414;82;1276;414;82;1276;28;47;10;3940;90;472553;428374;23;4;19;4;6;4;0;3;1;2
01/06/2019;5;5098;601;3877;5098;601;3877;170;188;45;24486;741;5211116;5075629;320;531;274;201;96;18;14;4;6;3
01/07/2019;1;73;82;18;73;82;18;11;11;6;2189;87;88419;64550;4;3;1;1;0;1;1;3;1;1
01/07/2019;2;57;17;8;57;17;8;6;6;8;476;22;30842;22364;7;0;4;4;0;1;1;2;3;1
01/07/2019;3;7;16;0;7;16;0;0;0;0;317;17;10355;9302;0;0;0;0;0;0;0;0;0;0
01/07/2019;4;492;82;1270;492;82;1270;20;42;15;4012;103;475659;432458;25;5;24;3;4;3;4;5;2;1
01/07/2019;5;5211;565;4015;5211;565;4015;189;218;32;24885;686;5316668;5178623;322;514;280;179;118;10;11;6;2;3
01/08/2019;1;108;45;19;108;45;19;9;9;5;2199;50;88321;64546;14;4;5;1;2;3;1;0;1;0
01/08/2019;2;48;20;8;48;20;8;6;6;11;478;23;31265;23200;11;2;1;1;1;0;2;6;3;0
01/08/2019;3;9;8;0;9;8;0;0;0;0;326;11;10384;9331;0;0;0;0;0;0;0;0;0;0
01/08/2019;4;480;88;1216;480;88;1216;20;46;10;4038;97;477499;435128;25;6;20;13;3;4;0;3;2;1
01/08/2019;5;5386;342;4073;5386;342;4073;153;178;18;25136;431;5420749;5279169;288;497;301;208;157;6;4;4;1;3
01/09/2019;1;118;76;21;118;76;21;9;9;15;2241;85;88663;65361;4;6;7;7;2;2;1;6;9;1
01/09/2019;2;56;20;8;56;20;8;5;5;17;498;25;31551;23940;5;1;8;1;0;2;2;11;2;0
01/09/2019;3;14;12;0;14;12;0;0;0;0;337;12;10380;9327;0;0;0;0;0;0;0;0;0;0
01/09/2019;4;506;93;1228;506;93;1228;21;49;13;4136;105;483433;442509;36;6;21;8;3;1;1;7;2;2
01/09/2019;5;5592;442;4218;5592;442;4218;108;120;22;25428;554;5455865;5315378;312;493;271;248;170;8;3;4;0;7
01/10/2019;1;70;117;23;70;117;23;10;10;23;2220;119;86089;64350;6;5;6;2;2;7;7;4;2;4
01/10/2019;2;45;24;8;45;24;8;5;5;16;499;25;32108;24705;2;0;5;1;1;3;0;6;7;0
01/10/2019;3;25;13;0;25;13;0;0;0;0;348;14;10508;9462;0;0;0;0;0;0;0;0;0;0
01/10/2019;4;505;95;1222;505;95;1222;24;48;28;4122;105;474010;434973;19;5;19;4;6;14;0;11;2;1
01/10/2019;5;5574;613;4405;5574;613;4405;125;134;54;25733;765;5511314;5372238;355;449;282;237;144;13;14;8;7;12
01/11/2019;1;73;85;26;73;85;26;5;5;13;2214;99;83188;63155;5;5;1;2;2;5;3;1;3;1
01/11/2019;2;38;19;8;38;19;8;3;3;10;493;20;32133;25149;13;1;0;0;1;2;1;4;3;0
01/11/2019;3;21;15;0;21;15;0;0;0;0;351;16;11016;9970;0;0;0;0;0;0;0;0;0;0
01/11/2019;4;481;216;1291;481;216;1291;32;63;20;4312;229;476649;438683;17;6;12;4;0;7;2;9;1;1
01/11/2019;5;5561;614;4622;5561;614;4622;157;172;62;25921;762;5528089;5390809;398;402;227;242;157;17;17;7;8;13
01/12/2019;1;70;64;27;70;64;27;12;12;6;2222;65;82679;63296;7;4;1;1;1;4;0;1;1;1
01/12/2019;2;30;24;8;30;24;8;4;4;17;500;25;32312;25619;0;1;2;0;0;5;1;8;3;0
01/12/2019;3;16;9;0;16;9;0;0;0;1;348;9;10873;9967;0;0;0;0;0;1;0;0;0;0
01/12/2019;4;428;64;1329;428;64;1329;72;130;12;4363;71;484634;446443;0;2;1;0;0;4;0;6;2;0
01/12/2019;5;5626;468;4757;5626;468;4757;148;171;40;26287;563;5628956;5490029;382;389;242;212;188;8;14;4;8;6
01/01/2021;1;78;64;48;78;64;48;11;11;7;2195;72;65113;56606;1;10;3;2;1;5;3;2;1;0
01/01/2021;2;28;13;4;28;13;4;7;7;7;536;15;33580;29588;8;0;0;0;1;4;0;2;1;0
01/01/2021;3;15;11;0;15;11;0;0;0;2;315;12;9675;9573;2;0;0;0;0;1;0;1;0;0
01/01/2021;4;522;16;1162;522;16;1162;36;50;12;3723;31;531980;498915;32;43;19;4;28;0;7;1;1;3
01/01/2021;5;5813;269;4548;5813;269;4548;139;160;47;24546;407;6408852;6273590;542;683;456;387;350;6;9;7;5;20
01/02/2021;1;71;90;53;71;90;53;7;7;7;2215;94;65485;57218;3;12;3;1;2;3;0;4;1;0
01/02/2021;2;40;10;4;40;10;4;5;5;6;542;14;33367;29391;2;0;1;2;0;2;0;3;1;0
01/02/2021;3;16;13;0;16;13;0;0;0;1;318;15;9791;9689;0;0;1;0;0;1;0;0;0;0
01/02/2021;4;608;14;1177;608;14;1177;31;48;12;3724;25;534286;502240;36;49;35;3;10;0;8;0;1;3
01/02/2021;5;5890;295;4667;5890;295;4667;137;161;44;24449;423;6404652;6272176;563;710;516;329;382;13;12;9;4;6
01/03/2021;1;82;101;53;82;101;53;5;5;6;2244;107;65265;57483;2;14;3;0;1;6;2;5;2;1
01/03/2021;2;35;27;5;35;27;5;2;2;4;547;28;33482;29579;2;1;0;0;0;1;0;1;0;2
01/03/2021;3;17;15;0;17;15;0;0;0;0;319;17;9969;9867;0;0;0;1;0;0;0;0;0;0
01/03/2021;4;647;34;1169;647;34;1169;32;48;23;3731;43;537917;506892;37;39;21;15;1;4;11;5;2;1
01/03/2021;5;5808;473;4495;5808;473;4495;149;172;105;24339;575;6356287;6224936;514;741;425;330;363;23;34;24;16;8
01/04/2021;1;69;82;57;69;82;57;9;9;5;2243;87;65748;58032;5;11;0;0;0;4;4;4;0;1
01/04/2021;2;31;20;8;31;20;8;1;1;1;551;22;33192;29479;0;0;0;1;0;0;0;1;0;0
01/04/2021;3;17;10;0;17;10;0;0;0;0;315;10;10314;10192;0;1;0;0;0;0;0;0;0;0
01/04/2021;4;655;20;1231;655;20;1231;27;34;15;3754;33;552940;522212;24;30;25;11;7;4;6;1;3;1
01/04/2021;5;5724;410;4607;5724;410;4607;152;172;87;24321;559;6391463;6262608;345;762;399;335;317;20;27;16;11;13
01/05/2021;1;63;81;58;63;81;58;9;9;8;2239;87;65623;58324;1;6;1;1;2;4;3;6;1;0
01/05/2021;2;24;13;8;24;13;8;2;2;2;535;15;32295;28787;0;0;0;0;0;2;0;0;0;0
01/05/2021;3;13;11;0;13;11;0;0;0;0;307;11;10304;10246;0;1;0;0;0;0;0;0;0;0
01/05/2021;4;691;28;1207;691;28;1207;22;34;17;3743;49;559479;530084;41;21;14;13;12;2;6;5;3;1
01/05/2021;5;5473;541;4483;5473;541;4483;172;193;116;24151;721;6389014;6258173;198;760;367;384;244;27;49;18;12;10
01/06/2021;1;72;92;59;72;92;59;8;8;2;2269;93;65468;58160;3;4;1;0;0;3;4;0;1;1
01/06/2021;2;18;13;9;18;13;9;2;2;2;527;16;32155;28648;0;0;1;0;0;1;0;1;0;0
01/06/2021;3;9;13;0;9;13;0;0;0;1;303;14;10038;9980;0;0;0;0;0;1;0;0;0;0
01/06/2021;4;687;37;1198;687;37;1198;37;48;20;3726;46;566799;538036;44;19;16;8;4;6;7;3;2;2
01/06/2021;5;5448;507;4409;5448;507;4409;167;185;78;24006;670;6394132;6261645;217;748;338;328;257;10;37;12;15;4
01/07/2021;1;64;68;59;64;68;59;6;6;3;2241;75;66034;58478;7;5;3;1;1;1;0;3;1;0
01/07/2021;2;26;10;9;26;10;9;7;7;1;527;10;31482;27867;2;0;0;0;0;0;0;0;1;0
01/07/2021;3;11;10;0;11;10;0;0;0;0;297;11;10155;10097;0;0;0;0;0;0;0;0;0;0
01/07/2021;4;699;21;1196;699;21;1196;37;46;10;3653;31;573957;545457;43;19;32;7;2;3;1;1;3;2
01/07/2021;5;5596;375;4367;5596;375;4367;168;185;56;23924;531;6426235;6290867;358;777;241;287;266;15;13;8;8;12
01/08/2021;1;65;77;59;65;77;59;2;2;5;2274;84;67169;59683;8;5;2;2;5;2;2;2;2;1
01/08/2021;2;29;7;9;29;7;9;4;4;4;507;7;30862;27214;1;0;0;1;0;2;0;2;0;0
01/08/2021;3;11;6;0;11;6;0;2;2;0;296;8;10213;10127;0;0;0;0;0;0;0;0;0;0
01/08/2021;4;740;6;1301;740;6;1301;26;34;3;3607;12;600689;572284;120;17;35;14;4;1;0;1;1;0
01/08/2021;5;5784;192;4607;5784;192;4607;135;150;16;24012;301;6556387;6417587;397;823;175;302;300;2;7;4;2;1
01/09/2021;1;69;65;60;69;65;60;9;9;6;2267;66;66211;58885;4;7;5;1;1;4;4;1;2;1
01/09/2021;2;36;12;10;36;12;10;1;1;6;502;14;30288;26593;3;0;6;0;0;3;0;2;0;1
01/09/2021;3;10;9;0;10;9;0;1;1;0;293;9;10410;10286;0;0;0;0;0;0;0;0;0;0
01/09/2021;4;677;16;1308;677;16;1308;24;28;5;3540;31;609460;581370;94;14;50;16;8;0;2;1;2;0
01/09/2021;5;5905;333;4560;5905;333;4560;87;101;26;24096;491;6605597;6469824;424;792;194;286;278;1;10;5;6;4
01/10/2021;1;60;91;60;60;91;60;5;5;11;2220;98;64297;57232;9;6;1;0;2;4;4;1;1;3
01/10/2021;2;33;15;10;33;15;10;4;4;8;494;16;29636;25943;1;0;2;0;3;2;0;5;1;0
01/10/2021;3;16;14;0;16;14;0;0;0;2;300;17;10526;10396;1;0;1;0;0;2;0;0;0;0
01/10/2021;4;626;26;1290;626;26;1290;40;45;12;3452;36;607096;577866;86;7;58;15;6;4;5;2;1;0
01/10/2021;5;5780;449;4475;5780;449;4475;99;115;70;23873;636;6574313;6441181;391;803;305;184;236;10;36;14;8;2
01/11/2021;1;58;83;63;58;83;63;3;3;5;2206;89;63355;56587;1;6;1;4;1;7;2;1;2;0
01/11/2021;2;22;17;12;22;17;12;5;5;10;484;17;29125;25421;1;0;4;0;0;4;0;3;0;3
01/11/2021;3;17;12;0;17;12;0;0;0;1;298;12;10480;10350;0;0;0;1;0;1;0;0;0;0
01/11/2021;4;638;41;1325;638;41;1325;39;43;23;3248;52;607447;577605;136;7;59;32;0;8;3;7;3;2
01/11/2021;5;5655;477;4619;5655;477;4619;128;142;82;23781;701;6551082;6418931;386;796;314;116;226;16;29;16;10;11
01/12/2021;1;56;72;68;56;72;68;7;7;6;2219;74;63747;56931;1;3;1;0;0;1;5;2;1;0
01/12/2021;2;22;7;12;22;7;12;5;5;4;468;9;27997;24222;2;1;1;0;1;2;0;1;1;0
01/12/2021;3;22;9;0;22;9;0;1;1;0;303;9;10501;10369;0;0;0;0;1;0;0;0;0;0
01/12/2021;4;644;21;1269;644;21;1269;34;36;11;3175;32;610119;579555;118;6;105;31;17;5;0;3;3;0
01/12/2021;5;5695;305;4570;5695;305;4570;131;164;30;23692;445;6591280;6457205;334;802;351;153;208;5;19;5;0;1
01/01/2022;1;66;64;69;66;64;69;6;6;2;2191;70;62945;56290;3;3;1;3;1;4;0;3;0;0
01/01/2022;2;29;8;12;29;8;12;2;2;4;465;11;27651;24062;5;1;1;0;1;2;0;1;0;1
01/01/2022;3;20;8;0;20;8;0;0;0;0;300;9;10202;10027;0;0;0;0;0;0;0;0;0;0
01/01/2022;4;631;24;1223;631;24;1223;32;35;15;3029;39;613359;584160;68;6;117;61;11;4;1;3;4;3
01/01/2022;5;5757;316;4522;5757;316;4522;113;132;55;23704;480;6614470;6480118;339;806;306;258;139;6;26;16;3;4
01/02/2022;1;59;75;71;59;75;71;6;6;3;2187;82;62841;56057;1;2;4;1;1;1;1;3;1;2
01/02/2022;2;20;13;15;20;13;15;4;4;8;456;13;27469;23939;3;0;0;0;0;5;2;0;1;0
01/02/2022;3;15;12;0;15;12;0;1;1;1;297;12;10315;10095;0;0;0;0;0;1;0;0;0;0
01/02/2022;4;656;42;1333;656;42;1333;29;32;25;3054;53;633191;603772;39;8;80;67;5;3;2;4;12;4
01/02/2022;5;5759;474;4778;5759;474;4778;127;142;86;23603;676;6548664;6415914;365;794;293;269;101;13;32;26;10;5
01/03/2022;1;47;79;73;47;79;73;8;9;7;2197;87;63328;56387;0;5;2;3;0;6;1;3;0;1
01/03/2022;2;18;17;19;18;17;19;4;4;3;455;18;27049;23419;0;0;1;0;0;1;0;1;0;1
01/03/2022;3;12;14;0;12;14;0;0;0;0;300;15;10688;10466;0;0;0;0;0;0;0;0;0;0
01/03/2022;4;689;70;1409;689;70;1409;24;25;31;3183;88;652130;622029;49;7;27;64;26;2;3;4;18;4
01/03/2022;5;5726;573;5044;5726;573;5044;139;159;90;24172;817;6645332;6509955;367;762;258;259;123;18;35;19;13;5
01/04/2022;1;49;51;80;49;51;80;10;11;3;2223;53;64104;57321;2;4;1;0;0;2;3;0;1;1
01/04/2022;2;25;10;23;25;10;23;3;3;0;465;10;27295;23654;0;0;0;0;1;0;0;0;0;0
01/04/2022;3;13;10;0;13;10;0;1;1;0;314;13;11035;10795;0;0;0;0;0;0;0;0;0;0
01/04/2022;4;698;27;1446;698;27;1446;19;21;13;3326;40;676668;645752;45;11;21;25;31;5;1;0;6;1
01/04/2022;5;5627;438;5248;5627;438;5248;149;169;63;24964;657;6821994;6681833;398;675;245;237;190;14;19;14;7;9
01/05/2022;1;52;58;81;52;58;81;7;8;8;2203;59;63229;56257;4;3;1;0;0;6;1;3;0;0
01/05/2022;2;18;10;27;18;10;27;4;4;4;449;11;25834;22084;2;0;1;0;0;2;0;1;0;1
01/05/2022;3;10;16;0;10;16;0;0;0;0;317;17;10652;10409;0;0;0;0;0;0;0;0;0;0
01/05/2022;4;635;48;1594;635;48;1594;25;25;16;3435;63;702353;670957;49;24;15;16;19;5;5;3;2;1
01/05/2022;5;5449;454;5557;5449;454;5557;184;205;66;25664;768;6966693;6823151;360;635;261;213;201;18;19;10;5;14
01/06/2022;1;45;63;81;45;63;81;7;8;3;2157;65;62050;55357;2;3;2;2;2;4;1;1;0;0
01/06/2022;2;20;6;30;20;6;30;4;4;2;432;7;24305;20821;7;0;2;1;1;1;0;1;0;0
01/06/2022;3;15;10;0;15;10;0;1;1;0;324;11;10510;10258;0;0;0;0;0;0;0;0;0;0
01/06/2022;4;666;15;1600;666;15;1600;20;21;4;3488;24;708045;677474;42;31;30;14;8;0;3;0;0;1
01/06/2022;5;5468;337;5621;5468;337;5621;205;223;45;25890;573;7030204;6884902;367;650;284;190;140;10;14;7;4;10
01/07/2022;1;77;49;86;77;49;86;12;13;3;2456;54;73203;65568;11;19;3;3;3;4;0;0;0;0
01/07/2022;2;31;5;41;31;5;41;5;5;4;496;6;26630;23222;4;1;1;4;6;1;0;1;2;0
01/07/2022;3;19;7;0;19;7;0;1;1;0;321;9;10798;10508;0;0;0;0;0;0;0;0;0;0
01/07/2022;4;719;12;1637;719;12;1637;18;19;5;3583;28;726552;695362;39;35;29;20;9;2;0;1;1;1
01/07/2022;5;5608;292;5835;5608;292;5835;208;227;19;26210;497;7101358;6951300;397;673;326;180;144;4;6;2;2;5
01/08/2022;1;69;74;82;69;74;82;23;24;10;2516;80;74865;65897;1;10;3;4;2;4;2;3;4;0
01/08/2022;2;28;15;39;28;15;39;10;10;9;509;18;27349;23614;2;4;4;1;0;2;3;1;1;2
01/08/2022;3;16;6;0;16;6;0;2;2;0;319;7;11204;10877;0;0;0;0;0;0;0;0;0;0
01/08/2022;4;675;5;1669;675;5;1669;40;48;1;3631;28;748198;716900;80;23;22;17;6;0;1;0;0;0
01/08/2022;5;5591;312;5904;5591;312;5904;168;180;40;26659;572;7203176;7049693;334;615;303;206;151;17;14;3;5;1
01/09/2022;1;72;81;83;72;81;83;18;18;9;2527;89;73689;64327;3;5;2;1;0;2;2;1;4;1
01/09/2022;2;19;18;43;19;18;43;4;4;10;494;18;26961;23024;0;0;0;1;0;2;4;2;1;1
01/09/2022;3;19;9;0;19;9;0;1;1;3;321;9;11577;11198;1;0;0;0;0;3;0;0;0;0
01/09/2022;4;658;13;1739;658;13;1739;30;37;4;3694;34;762956;731190;98;15;40;20;9;1;0;1;0;2
01/09/2022;5;5704;361;6102;5704;361;6102;122;133;69;27282;640;7294501;7139883;328;590;293;209;145;16;22;13;14;4
01/10/2022;1;88;78;79;88;78;79;9;9;4;2506;80;74409;64693;8;7;4;2;1;3;1;3;0;0
01/10/2022;2;14;13;44;14;13;44;3;3;4;480;13;26386;22272;1;0;4;0;0;3;0;1;0;0
01/10/2022;3;13;14;0;13;14;0;1;1;5;317;15;11743;11348;1;0;0;0;0;5;0;0;0;0
01/10/2022;4;658;53;1814;658;53;1814;32;39;25;3759;71;769165;737328;97;16;61;16;7;11;3;7;2;2
01/10/2022;5;5671;420;6018;5671;420;6018;133;158;73;27406;718;7242541;7088748;334;574;275;216;128;19;21;10;15;8
01/11/2022;1;74;108;80;74;108;80;15;15;5;2522;113;74836;64528;3;6;2;2;0;6;2;1;1;1
01/11/2022;2;7;13;53;7;13;53;5;5;5;478;14;25957;21980;0;0;0;1;0;1;0;0;3;1
01/11/2022;3;10;16;0;10;16;0;1;1;0;325;19;11959;11531;0;0;0;0;0;0;0;0;0;0
01/11/2022;4;679;39;1890;679;39;1890;35;60;23;3870;61;791157;758759;73;25;70;28;6;5;1;11;3;3
01/11/2022;5;5701;475;6207;5701;475;6207;151;185;51;28120;783;7341385;7185378;356;580;212;201;138;13;15;11;7;5
01/12/2022;1;66;75;81;66;75;81;14;14;7;2505;83;74761;64119;1;7;4;1;0;3;0;4;1;0
01/12/2022;2;5;15;54;5;15;54;6;6;2;481;17;25780;21656;0;0;0;0;0;0;0;0;1;1
01/12/2022;3;11;9;0;11;9;0;1;1;0;322;9;11695;11218;0;0;0;0;0;0;0;0;0;0
01/12/2022;4;669;20;1664;669;20;1664;69;93;13;3649;35;737210;705756;63;17;48;33;15;5;0;5;3;0
01/12/2022;5;5753;302;5465;5753;302;5465;140;174;29;27508;477;7109715;6957311;336;603;225;204;155;14;5;7;3;0
